folder;vanilla;terry;gaulthier
plot_memory;6.37109375;6.51953125;0.0
plot_memory;6.37109375;6.5234375;0.0
plot_memory;6.37109375;6.5234375;6.375
plot_memory;6.3671875;6.5625;6.375
