folder;vanilla;terry;gaulthier
plot_memory;156.23046875;157.8125;156.71484375
plot_memory;13.23828125;13.7265625;3.75390625
plot_memory;156.23046875;157.22265625;156.71484375
plot_memory;13.23828125;13.734375;3.75390625
